"","date","returns"
"1",2018-01-02,0
"2",2018-01-03,0.00865808133816883
"3",2018-01-04,-0.00561161281907599
"4",2018-01-05,0.0250819437338603
"5",2018-01-08,0.0128215720177001
"6",2018-01-09,-0.015494751432454
"7",2018-01-10,-0.0324975396746747
"8",2018-01-11,0.0235340202856872
"9",2018-01-12,-0.00813620300347751
"10",2018-01-15,-0.0104934405666405
"11",2018-01-16,0.0120050662723821
"12",2018-01-17,0.00557363668042007
"13",2018-01-18,0.0191924852723862
"14",2018-01-19,-0.0133511536109713
"15",2018-01-22,0.000298685432376298
"16",2018-01-23,0.00639951217338448
"17",2018-01-24,-0.00535487717592721
"18",2018-01-25,0.00461294764630213
"19",2018-01-26,0.0116596715735885
"20",2018-01-29,0.00847460510560172
"21",2018-01-30,0.00145376378583435
"22",2018-01-31,0.0142811190250565
"23",2018-02-01,0.0350416726248455
"24",2018-02-02,-0.0227996108842366
"25",2018-02-06,-0.0388021146685238
"26",2018-02-07,-0.000441465268056812
"27",2018-02-08,-0.0164679647970706
"28",2018-02-09,0.0400260594969678
"29",2018-02-12,0.0124260064271111
"30",2018-02-13,-0.000568023885029248
"31",2018-02-14,-0.0144485485739157
"32",2018-02-15,-0.00100918421277237
"33",2018-02-16,-0.0252696474200044
"34",2018-02-19,0.0344585613846813
"35",2018-02-20,-0.00114393286273615
"36",2018-02-21,-0.00343973080968543
"37",2018-02-22,0.0054409335303061
"38",2018-02-23,-0.0011430709660372
"39",2018-02-26,-0.0143991337328615
"40",2018-02-27,0.00405280900427055
"41",2018-02-28,-0.044905038667502
"42",2018-03-01,-0.000906901089952099
"43",2018-03-02,-0.00804660808808843
"44",2018-03-05,0.000457090075743611
"45",2018-03-06,-0.00718710790901261
"46",2018-03-07,-0.0206225726943625
"47",2018-03-08,0.0155452642135893
"48",2018-03-09,0.0276865745507604
"49",2018-03-12,0.033201258675041
"50",2018-03-13,-0.0230503897316627
"51",2018-03-14,-0.0213157623904346
"52",2018-03-15,-0.00319140641952324
"53",2018-03-16,-0.0170394264040603
"54",2018-03-20,0.0152113181378823
"55",2018-03-21,0.00925866907408009
"56",2018-03-22,-0.0204524023840099
"57",2018-03-23,0.0020027237116058
"58",2018-03-26,0.0134516400302155
"59",2018-03-27,0.00182040604006553
"60",2018-03-28,-0.0299999048148753
"61",2018-04-02,-0.012731005565857
"62",2018-04-03,0.0206644140358316
"63",2018-04-04,0.00463748983202908
"64",2018-04-05,0.00875260121481069
"65",2018-04-06,-0.00659564077222007
"66",2018-04-09,-0.0180131226655695
"67",2018-04-10,0.0186283424910598
"68",2018-04-11,-0.00802959579978211
"69",2018-04-12,0.00649051568647472
"70",2018-04-13,-0.00231335967096125
"71",2018-04-16,-0.00231853065026926
"72",2018-04-17,0.00724701466569857
"73",2018-04-18,-0.000307359596914618
"74",2018-04-19,-0.0206512639899343
"75",2018-04-20,0.00532013061117995
"76",2018-04-23,0.00839147830997031
"77",2018-04-24,-0.0108917198701972
"78",2018-04-25,-0.00203583927717379
"79",2018-04-26,0.0381408909838023
"80",2018-04-27,0.00526774323842372
"81",2018-04-30,0.00866820642683402
"82",2018-05-02,-0.0346715256554695
"83",2018-05-03,-0.0311375428905592
"84",2018-05-04,-0.00589791921602759
"85",2018-05-07,-0.0280475288000256
"86",2018-05-08,-0.00164551911790491
"87",2018-05-09,-0.0166062722548959
"88",2018-05-10,0.0319685933039413
"89",2018-05-11,0.0319209469321477
"90",2018-05-14,-0.032407609001298
"91",2018-05-15,0.000324512663766589
"92",2018-05-16,0.00226824097012571
"93",2018-05-17,-0.0372613241829421
"94",2018-05-18,-0.0167699843847349
"95",2018-05-21,0.00731879253749871
"96",2018-05-22,0.0196461028377879
"97",2018-05-23,0.0137068689011724
"98",2018-05-24,-0.0162042578635549
"99",2018-05-25,-0.0156238042852353
"100",2018-05-28,0.0362467344175981
"101",2018-05-29,-0.0234604845991339
"102",2018-05-30,0.0311056853213343
"103",2018-05-31,0.00742666904950558
"104",2018-06-01,-0.000482668891291586
"105",2018-06-04,0.0213349734548887
"106",2018-06-05,-0.0150785097206785
"107",2018-06-06,0.00780572504803811
"108",2018-06-07,-0.0137404059379244
"109",2018-06-08,0.0670391691888142
"110",2018-06-11,-0.017758912854991
"111",2018-06-12,-0.0229253985281629
"112",2018-06-13,0.0523503491457245
"113",2018-06-14,-0.00372426941531466
"114",2018-06-15,-0.0516074322336013
"115",2018-06-18,0.00125640358703401
"116",2018-06-19,-0.0180555783789345
"117",2018-06-20,0.00111802152081205
"118",2018-06-21,-0.00688831421106202
"119",2018-06-22,0.0299285615573551
"120",2018-06-25,0.0130195263881415
"121",2018-06-26,-0.000924237398611358
"122",2018-06-27,0.00588127028960701
"123",2018-06-28,-0.0021626776017951
"124",2018-06-29,0.0362957293031309
"125",2018-07-02,-0.0412571674366973
"126",2018-07-03,0.032268273083546
"127",2018-07-04,0.00794451858169084
"128",2018-07-05,0.0187831544968714
"129",2018-07-06,-0.00676277507219599
"130",2018-07-09,0.0299354077415457
"131",2018-07-10,0.00328749452285189
"132",2018-07-11,0.0141684707812214
"133",2018-07-12,-0.0220476143994807
"134",2018-07-13,-0.0120093177472074
"135",2018-07-16,0.00667361346289037
"136",2018-07-17,0.0320151221946367
"137",2018-07-18,-0.00787273953158893
"138",2018-07-19,0.00112847888971807
"139",2018-07-20,0.00548327290407709
"140",2018-07-23,0.00754310415994412
"141",2018-07-24,0.00444298427874468
"142",2018-07-25,-0.0138104300780374
"143",2018-07-26,0.0132562927859029
"144",2018-07-27,0.0325928463084351
"145",2018-07-30,0.0311741981295301
"146",2018-07-31,0.00803121107808874
"147",2018-08-01,-0.0129854295346289
"148",2018-08-02,-0.0298490937748116
"149",2018-08-03,0.00991542870120652
"150",2018-08-06,-0.0275765366835254
"151",2018-08-07,0.0410851560309347
"152",2018-08-08,-0.0276072933544477
"153",2018-08-09,-0.0296439995017536
"154",2018-08-10,-0.0476416917996914
"155",2018-08-13,0.0263836485144051
"156",2018-08-14,0.0233452208791952
"157",2018-08-15,-0.0349373029055667
"158",2018-08-16,-0.0166925330885184
"159",2018-08-17,0.0228630571155288
"160",2018-08-20,0.00242904316707753
"161",2018-08-21,0.0332640029422499
"162",2018-08-22,0.0327274032049388
"163",2018-08-23,-0.00522388892683013
"164",2018-08-24,-0.0155651154488171
"165",2018-08-27,0.00190779830797465
"166",2018-08-28,-0.0179961293609741
"167",2018-08-29,0.0044260057891493
"168",2018-08-30,-0.00636859624138099
"169",2018-08-31,-0.0182205511427278
"170",2018-09-03,-0.000283063940636531
"171",2018-09-04,-0.0205839010450426
"172",2018-09-05,-0.017923784483529
"173",2018-09-06,0.00820039019124301
"174",2018-09-07,0.00451060316703314
"175",2018-09-10,0.0281991947655419
"176",2018-09-11,-0.0183753887364741
"177",2018-09-12,-0.0377954277130702
"178",2018-09-13,-0.00254136817402196
"179",2018-09-14,0.0031381206516558
"180",2018-09-17,-0.0609042647573727
"181",2018-09-18,-0.0137317160403831
"182",2018-09-19,-0.00709917133424321
"183",2018-09-20,-0.0148440106683397
"184",2018-09-21,0.0277142569321748
"185",2018-09-24,0.00700864054729909
"186",2018-09-25,-0.00541132907191887
"187",2018-09-26,-0.00111785007831084
"188",2018-09-27,0.00207494788800503
"189",2018-09-28,-0.0104176642723356
"190",2018-10-01,0.00385924199280162
"191",2018-10-02,0.000481318316616668
"192",2018-10-03,0.00128229586361146
"193",2018-10-04,0.00463527857871459
"194",2018-10-05,-0.0052762871684539
"195",2018-10-08,-0.0245042013061204
"196",2018-10-09,0.0124083280818196
"197",2018-10-10,-0.00830971809284386
"198",2018-10-11,-0.00854429592970768
"199",2018-10-12,0.0100157711201439
"200",2018-10-15,0.0145963445150394
"201",2018-10-16,0.00401708005917603
"202",2018-10-17,-0.0133990760283082
"203",2018-10-18,-0.0235149844738057
"204",2018-10-19,0.0262739977271822
"205",2018-10-22,-0.00308413566039567
"206",2018-10-23,-0.0188730823655735
"207",2018-10-24,-0.00714948588610272
"208",2018-10-25,0.00383041464228001
"209",2018-10-26,-0.00700564506802289
"210",2018-10-29,-0.0141608299035325
"211",2018-10-30,0.0325706690405682
"212",2018-10-31,-0.0177406511811178
"213",2018-11-01,-0.00133910068316696
"214",2018-11-05,0.0274261200455767
"215",2018-11-06,0.0208055179350295
"216",2018-11-07,0.0117424202805891
"217",2018-11-08,-0.068215777010426
"218",2018-11-09,0.0137539370725432
"219",2018-11-12,0.0181585385603821
"220",2018-11-13,-0.0354653311491923
"221",2018-11-14,-0.00799797992863651
"222",2018-11-15,0.0287970490180328
"223",2018-11-16,0.0653785224946761
"224",2018-11-20,-0.0159877962566995
"225",2018-11-21,0.0138085581440017
"226",2018-11-22,-0.0577361387667469
"227",2018-11-23,-0.00413597231660403
"228",2018-11-26,0.0151367831518445
"229",2018-11-27,0.0123338873796089
"230",2018-11-28,0.0585730770824522
"231",2018-11-29,0.0189850747602381
"232",2018-11-30,-0.0253941722517055
"233",2018-12-03,0.00503915074635931
"234",2018-12-04,0.00743617491227435
"235",2018-12-05,0.00617981246547832
"236",2018-12-06,-0.0128545414866248
"237",2018-12-07,0.040420038931115
"238",2018-12-10,-0.00117019358627262
"239",2018-12-11,-0.0297065701008274
"240",2018-12-13,0.0438026866884013
"241",2018-12-14,-0.043953533205034
"242",2018-12-17,0.00346211275924274
"243",2018-12-18,-0.00936000279988768
"244",2018-12-19,0.000305395397202639
"245",2018-12-20,0.0134983531361076
"246",2018-12-21,0.061350851866576
"247",2018-12-24,-0.00882273094136479
"248",2018-12-26,-0.0167201196812371
"249",2018-12-27,0.0099791533309158
"250",2018-12-28,0.00873989764073092
"251",2018-12-31,0.00441251926108481
"252",2019-01-02,0.0210802333316534
"253",2019-01-03,0.011475821936831
"254",2019-01-04,0.0208157148868149
"255",2019-01-07,-0.00445307020601306
"256",2019-01-08,0.0320739604191723
"257",2019-01-09,0.0124951905975191
"258",2019-01-10,-0.0115787701940476
"259",2019-01-11,-0.00709125144264958
"260",2019-01-14,-0.0096668854739051
"261",2019-01-15,0.00239229361904778
"262",2019-01-16,0.0135804528920374
"263",2019-01-17,0.0123641605995172
"264",2019-01-18,-0.000776239327816353
"265",2019-01-21,-0.00727545975757852
"266",2019-01-22,-0.0277649551307182
"267",2019-01-23,0.00827766899502797
"268",2019-01-24,-0.0129811921110984
"269",2019-01-25,-0.0079787792998249
"270",2019-01-28,-0.0102355994318629
"271",2019-01-29,0.0122700514362776
"272",2019-01-30,0.00850033756665741
"273",2019-01-31,0.00709566060596021
"274",2019-02-01,-0.013700644561715
"275",2019-02-05,0.00108122690867382
"276",2019-02-06,0.00202451421666488
"277",2019-02-07,-0.0024298650301796
"278",2019-02-08,-0.0275415946263797
"279",2019-02-11,0.00457416317443126
"280",2019-02-12,0.00138196189152785
"281",2019-02-13,-0.0091566244129144
"282",2019-02-14,0.0165865526415481
"283",2019-02-15,0.00369430869584628
"284",2019-02-18,-0.017080361990439
"285",2019-02-19,0.01201421568071
"286",2019-02-20,-0.00288671706728307
"287",2019-02-21,0.0067230177158764
"288",2019-02-22,-0.000957892736310784
"289",2019-02-25,0.0391893184712081
"290",2019-02-26,-0.00647012949808211
"291",2019-02-27,-0.0241330113811954
"292",2019-02-28,-0.0319894528763026
"293",2019-03-01,0.0188762869626176
"294",2019-03-04,-0.00234025471202962
"295",2019-03-05,-0.00816438431948423
"296",2019-03-06,0.0268694034985151
"297",2019-03-07,0.00418429247748843
"298",2019-03-08,-0.00283259249313708
"299",2019-03-11,-0.000945909406088898
"300",2019-03-12,0.00714048012120441
"301",2019-03-13,-0.00134345729337265
"302",2019-03-14,-0.0196843151699245
"303",2019-03-15,-0.00674059037233854
"304",2019-03-19,0.0292439193150596
"305",2019-03-20,0.0118595856489881
"306",2019-03-21,0.000926964206696581
"307",2019-03-22,-0.0261461584204565
"308",2019-03-25,0.0260138495849584
"309",2019-03-26,-0.010378239132021
"310",2019-03-27,0.00240465692985106
"311",2019-03-28,-0.0149205134848502
"312",2019-03-29,0.0326410884406844
"313",2019-04-01,-0.0229376078780603
"314",2019-04-02,-0.0188187011081912
"315",2019-04-03,0.00843785995504059
"316",2019-04-04,-0.0110377176064685
"317",2019-04-05,0.0261018324374886
"318",2019-04-08,-0.00615951225476659
"319",2019-04-09,0.000805311088582144
"320",2019-04-10,-0.00565272602154809
"321",2019-04-11,-0.0013506046766782
"322",2019-04-12,-0.0175886140677448
"323",2019-04-15,-0.0135715433861069
"324",2019-04-16,-0.0171569767734083
"325",2019-04-17,0.0352573727251935
"326",2019-04-22,-0.0160112536109678
"327",2019-04-23,-0.0047418613460372
"328",2019-04-24,0.0141588828363714
"329",2019-04-25,0.0130094893266934
"330",2019-04-26,-0.00217928340372931
"331",2019-04-29,-0.035106039817366
"332",2019-04-30,0.0374216567399508
"333",2019-05-02,-0.0516444475760805
"334",2019-05-03,0.014646573232299
"335",2019-05-06,0.00267852270955413
"336",2019-05-07,-0.00169085756620578
"337",2019-05-08,-0.0261463324317341
"338",2019-05-09,-0.00304449815655692
"339",2019-05-10,-0.00962943881828254
"340",2019-05-13,0.0410740344990073
"341",2019-05-14,0.0136949368447467
"342",2019-05-15,-0.0106040790438834
"343",2019-05-16,-0.0264371024403495
"344",2019-05-17,0.0271380934697835
"345",2019-05-20,0.0272398684173895
"346",2019-05-21,-0.0213697663938198
"347",2019-05-22,-0.0246890499529263
"348",2019-05-23,-0.0341430332934578
"349",2019-05-24,0.0196113243815536
"350",2019-05-27,0.0121003038081962
"351",2019-05-28,-0.0174772470861406
"352",2019-05-29,-0.00306431193982023
"353",2019-05-30,0.0409504567506287
"354",2019-05-31,0.0118544582798042
"355",2019-06-03,-0.0256981297529478
"356",2019-06-04,-0.000427154949804174
"357",2019-06-05,0.0212611853304408
"358",2019-06-06,-0.0294056372879737
"359",2019-06-07,0.0389724725881181
"360",2019-06-10,-0.024444530408839
"361",2019-06-11,0.0299488092760424
"362",2019-06-12,-0.00536623411921351
"363",2019-06-13,-0.0188016919277226
"364",2019-06-14,-0.00253396136649377
"365",2019-06-17,-0.0199293541975988
"366",2019-06-18,0.0314207363722075
"367",2019-06-19,0.0168558083785207
"368",2019-06-20,0.00082174980945702
"369",2019-06-21,0.00341620405732021
"370",2019-06-24,-0.00109174135400829
"371",2019-06-25,-0.00410583110404522
"372",2019-06-26,0.0135721609265178
"373",2019-06-27,-0.024536034404463
"374",2019-06-28,-0.00139642381010438
"375",2019-07-01,-0.0118079124394067
"376",2019-07-02,0.0293995687548595
"377",2019-07-03,0.00123499912892304
"378",2019-07-04,0.00191800891349985
"379",2019-07-05,-0.0185111849772256
"380",2019-07-08,0.00570035648183463
"381",2019-07-09,-0.0125560446459646
"382",2019-07-10,-0.0157057659168924
"383",2019-07-11,0.00384293849668963
"384",2019-07-12,-0.0266337754291353
"385",2019-07-15,-0.00131385375481493
"386",2019-07-16,0.0136391383161921
"387",2019-07-17,-0.0279112373305729
"388",2019-07-18,0.0152943061712287
"389",2019-07-19,-0.0303750979098076
"390",2019-07-22,-0.0308609477105167
"391",2019-07-23,-0.0251388402605676
"392",2019-07-24,-0.0212260063673133
"393",2019-07-25,0.00292101712138827
"394",2019-07-26,-0.0176560128420865
"395",2019-07-29,0.0503361458987942
"396",2019-07-30,0.00328814515204446
"397",2019-07-31,-0.0343490090575704
"398",2019-08-01,-0.0123719938400836
"399",2019-08-02,0.018500994858615
"400",2019-08-05,-0.0199762930022083
"401",2019-08-06,-0.00724397691908938
"402",2019-08-07,0.0101923999075331
"403",2019-08-08,0.0142905080800726
"404",2019-08-09,-0.0233269045651731
"405",2019-08-12,-0.0166421434184323
"406",2019-08-13,-0.0539552790999967
"407",2019-08-14,-0.0441781438647585
"408",2019-08-15,-0.0179309557080254
"409",2019-08-16,0.0218107414115167
"410",2019-08-19,-0.016547667089183
"411",2019-08-20,0.0124827213614606
"412",2019-08-21,-0.0104224630383207
"413",2019-08-22,-0.010532466959217
"414",2019-08-23,-0.0250802548775962
"415",2019-08-26,0.0212916566961217
"416",2019-08-27,0.0208477569917618
"417",2019-08-28,0.0180517067857112
"418",2019-08-29,0.0141384396631423
"419",2019-08-30,0.0369267112514461
"420",2019-09-02,0.0202615492014974
"421",2019-09-03,-0.0397035620361252
"422",2019-09-04,-0.018745497439019
"423",2019-09-05,0.0178608672247823
"424",2019-09-06,0.025344254794914
"425",2019-09-09,-0.00918945045189657
"426",2019-09-10,-0.0143861098243977
"427",2019-09-11,0.0253001001597037
"428",2019-09-12,-0.00899972216900731
"429",2019-09-13,0.0129547458364903
"430",2019-09-17,0.00171457199770548
"431",2019-09-18,-0.00360424799918519
"432",2019-09-19,-0.00378988754941279
"433",2019-09-20,0.0429047738724511
"434",2019-09-23,-0.00231742234147945
"435",2019-09-24,-0.00615078861343299
"436",2019-09-25,-0.0243050034177496
"437",2019-09-26,-0.0148023317894978
"438",2019-09-27,-0.0076588940046545
"439",2019-09-30,0.0121571752051253
"440",2019-10-01,0.00722387751992153
"441",2019-10-02,-0.00705138643068364
"442",2019-10-03,-0.00657991509410264
"443",2019-10-04,0.000173599764940521
"444",2019-10-07,-0.0154038169118599
"445",2019-10-08,0.0114006779512365
"446",2019-10-09,-0.00524564493891614
"447",2019-10-10,0.016345468846346
"448",2019-10-11,0.0305728710431769
"449",2019-10-14,0.00882680159073543
"450",2019-10-15,0.00529196938382772
"451",2019-10-16,0.00247084810965466
"452",2019-10-17,-0.0349913493317293
"453",2019-10-18,-0.0197890694797424
"454",2019-10-21,0.0291166455463791
"455",2019-10-22,0.0120806888353736
"456",2019-10-23,0.0505675668320713
"457",2019-10-24,-0.0148552761397657
"458",2019-10-25,-0.0101902022970414
"459",2019-10-28,0.05087062181235
"460",2019-10-29,0.0278831910880584
"461",2019-10-30,-0.00421628475197948
"462",2019-10-31,-0.0286236177584726
"463",2019-11-01,0.056157432409278
"464",2019-11-04,-0.0177733275655865
"465",2019-11-05,0.0157159640992341
"466",2019-11-06,0.00191029287863483
"467",2019-11-07,0.0150093816273093
"468",2019-11-08,-0.0281627255008241
"469",2019-11-11,0.0169635529812572
"470",2019-11-12,-0.00704548574835508
"471",2019-11-13,-0.0297502631518119
"472",2019-11-14,0.0208731585394998
"473",2019-11-15,0.0153372246240382
"474",2019-11-19,0.0117845382561958
"475",2019-11-20,-0.0135422163901316
"476",2019-11-21,-0.0279489263577808
"477",2019-11-22,0.0100504169260885
"478",2019-11-25,-0.00538759280903431
"479",2019-11-26,-0.0267657290868001
"480",2019-11-27,0.00981598580676484
"481",2019-11-28,0.00365639561985851
"482",2019-11-29,-0.0061012334680541
"483",2019-12-02,0.011560973569543
"484",2019-12-03,0.0212487042190072
"485",2019-12-04,-0.00608905344466714
"486",2019-12-05,-0.00358188475389655
"487",2019-12-06,-0.0199310208968072
"488",2019-12-09,0.00850425861252975
"489",2019-12-10,0.0461006819180855
"490",2019-12-11,0.00101040423821449
"491",2019-12-13,0.0313833575156776
"492",2019-12-16,-0.0174873535480444
"493",2019-12-17,0.0103320100425841
"494",2019-12-18,0.000283331484588575
"495",2019-12-19,0.0193661617305663
"496",2019-12-20,0.00885594658459603
"497",2019-12-23,-0.00621854044348776
"498",2019-12-24,-0.00975060802140273
"499",2019-12-26,-0.00575565941609233
"500",2019-12-27,-0.00848311315582844
"501",2019-12-30,-0.00898510897448245
"502",2019-12-31,0
"503",2020-01-02,0.0569434366862014
"504",2020-01-03,0.00580241925540014
"505",2020-01-06,0.00489908446064788
"506",2020-01-07,-0.018036706507034
"507",2020-01-08,0.00760594777835396
"508",2020-01-09,0.000270343263680091
"509",2020-01-10,0.0127680556366486
"510",2020-01-13,0.0100985012492231
"511",2020-01-14,0.00461655376913246
"512",2020-01-15,-0.050607914876089
"513",2020-01-16,0.0597774669575189
"514",2020-01-17,-0.0114092438712265
"515",2020-01-20,-0.0110074805878425
"516",2020-01-21,-0.0052139841151194
"517",2020-01-22,0.000268168527734543
"518",2020-01-23,-0.00712836497528537
"519",2020-01-24,-0.0318138414753331
"520",2020-01-27,-0.0322837595377076
"521",2020-01-28,0.00445131836109597
"522",2020-01-29,0.0149307557944363
"523",2020-01-30,-0.0103568299347949
"524",2020-01-31,-0.0309944576461219
"525",2020-02-04,0.017426036250394
"526",2020-02-05,-0.0356853087628806
"527",2020-02-06,-0.0143343088065999
"528",2020-02-07,0.00242853172804368
"529",2020-02-10,0.00506594174203075
"530",2020-02-11,0.0399920400174143
"531",2020-02-12,0.00880177227365183
"532",2020-02-13,-0.0419539769545406
"533",2020-02-14,-0.00435408704558846
"534",2020-02-17,0.00150347004059489
"535",2020-02-18,-0.00708627325756172
"536",2020-02-19,0.00738695149411494
"537",2020-02-20,-0.00150332208048584
"538",2020-02-21,-0.0139354336271089
"539",2020-02-24,-0.0292522085401779
"540",2020-02-25,-0.0290013428205863
"541",2020-02-26,-0.0179450500605969
"542",2020-02-27,-0.0686401435514939
"543",2020-02-28,-0.0485874918118785
"544",2020-03-02,0.0333091986652269
"545",2020-03-03,-0.00953335870561405
"546",2020-03-04,0.0632046770654181
"547",2020-03-05,-0.0382168790991747
"548",2020-03-06,-0.0691438519706412
"549",2020-03-09,-0.0607426533001693
"550",2020-03-10,0.100370132554502
"551",2020-03-11,-0.0619758036764082
"552",2020-03-12,-0.0553988377710139
"553",2020-03-13,0.0166029025760228
"554",2020-03-17,0.115012602509072
"555",2020-03-18,-0.0215295122053252
"556",2020-03-19,0.00237471664946215
"557",2020-03-20,0.0694184341058807
"558",2020-03-23,-0.161268064935284
"559",2020-03-24,0.0918496308294033
"560",2020-03-25,-0.00530511624685091
"561",2020-03-26,0.0379713470802057
"562",2020-03-27,-0.0970953973779375
"563",2020-03-30,-0.0531487283277163
"564",2020-03-31,-0.045338302018919
"565",2020-04-01,0.0252317818854793
"566",2020-04-02,-0.0132785337601234
"567",2020-04-03,0.0218264708934514
"568",2020-04-06,0.0360860477643445
"569",2020-04-07,0.0295938194011343
"570",2020-04-08,0.0226801533411219
"571",2020-04-13,-0.0389470970421611
"572",2020-04-14,0.0251696372084614
"573",2020-04-15,-0.0390974942430485
"574",2020-04-16,-0.0446612557764126
"575",2020-04-17,0.0157975156515025
"576",2020-04-20,0.000206206447598818
"577",2020-04-21,0.000618364338889901
"578",2020-04-22,-0.0189292873001091
"579",2020-04-23,-0.0404984031097334
"580",2020-04-24,0.0301553224249601
"581",2020-04-27,-0.00254939107742861
"582",2020-04-28,0.0495900694512981
"583",2020-04-29,0.0823444852819694
"584",2020-04-30,-0.105899120656765
"585",2020-05-04,0.00763912706067124
"586",2020-05-05,-0.00784640204422473
"587",2020-05-06,-0.0213709808943374
"588",2020-05-07,-0.0115019625134349
"589",2020-05-08,0.0283019902375091
"590",2020-05-11,0.0265092609384654
"591",2020-05-12,-0.00487895883050024
"592",2020-05-13,-0.0253858608758355
"593",2020-05-14,0.029250313995386
"594",2020-05-15,-0.023830256128515
"595",2020-05-18,0.0413375440731449
"596",2020-05-19,-0.0457129990826002
"597",2020-05-20,0.0149226136710406
"598",2020-05-21,-0.0294353237515829
"599",2020-05-22,0.00864882936909391
"600",2020-05-25,-0.0107698028556129
"601",2020-05-26,0.00971922353076337
"602",2020-05-27,0.0117056283061627
"603",2020-05-28,-0.0197278677158606
"604",2020-05-29,0.0578529769237062
"605",2020-06-01,-0.0171495875254187
"606",2020-06-02,0.0284874919444611
"607",2020-06-03,0.0055226859027141
"608",2020-06-04,-0.013465685458684
"609",2020-06-05,0.0569590098614222
"610",2020-06-08,0.0110498169238292
"611",2020-06-09,-0.0360295422557102
"612",2020-06-10,-0.0246298944576239
"613",2020-06-11,-0.081395885521297
"614",2020-06-12,0.0352244971728684
"615",2020-06-15,0.00144963941557617
"616",2020-06-16,-0.0152227864769772
"617",2020-06-17,-0.00801699123831004
"618",2020-06-18,-0.0134343588731575
"619",2020-06-19,0.0341876083972192
"620",2020-06-22,-0.00833336680442891
"621",2020-06-23,-0.00755987131595999
"622",2020-06-24,-0.0189387167155399
"623",2020-06-25,-0.0158062976110675
"624",2020-06-26,-0.0301309848258156
"625",2020-06-29,0.0138489376462776
"626",2020-06-30,-0.0057842103834401
"627",2020-07-01,0.0165951959888234
"628",2020-07-02,0.0119971556327762
"629",2020-07-03,0.00842045762332247
"630",2020-07-06,-0.00236787987821754
"631",2020-07-07,0.0170945752741059
"632",2020-07-08,-0.0395429012293703
"633",2020-07-09,-0.034076405309266
"634",2020-07-10,-0.00732435036342533
"635",2020-07-13,-0.0145784093557557
"636",2020-07-14,-0.0312524836093799
"637",2020-07-15,0.00838206947122202
"638",2020-07-16,0.0314581263080231
"639",2020-07-17,-0.0210191408935486
"640",2020-07-20,0.00188634487882997
"641",2020-07-21,0.0417546259962081
"642",2020-07-22,0.0252102557242989
"643",2020-07-23,-0.0157657247719517
"644",2020-07-24,-0.000223929027753971
"645",2020-07-27,-0.0146579419144661
"646",2020-07-28,0.00249583430487217
"647",2020-07-29,-0.0185254585594847
"648",2020-07-30,-0.00462758071893959
"649",2020-07-31,0.0188381070778819
"650",2020-08-03,-0.0195339868911346
"651",2020-08-04,-0.0027888427757591
"652",2020-08-05,0.0016278091836567
"653",2020-08-06,0.0200120392959768
"654",2020-08-07,0.00951963888366723
"655",2020-08-10,0.0234097883489331
"656",2020-08-11,0.00964926886883323
"657",2020-08-12,0.000654343934092797
"658",2020-08-13,0.0187972818307493
"659",2020-08-14,0.016136287339115
"660",2020-08-17,-0.00422127430659076
"661",2020-08-18,0.00863442861810245
"662",2020-08-19,-0.0250545157335251
"663",2020-08-20,-0.0274646246324476
"664",2020-08-21,-0.00354199186095493
"665",2020-08-24,-0.00645261123059707
"666",2020-08-25,0.0119815744744233
"667",2020-08-26,-0.016007427269333
"668",2020-08-27,0.00959086756795723
"669",2020-08-28,0.0288795733724493
"670",2020-08-31,-0.0705807144665474
"671",2020-09-01,0.0203878883636121
"672",2020-09-02,-0.0178453272736214
"673",2020-09-03,-0.0167602322775325
"674",2020-09-04,0.0102757381532378
"675",2020-09-07,0.0120094526669802
"676",2020-09-08,-0.0211120773867299
"677",2020-09-09,0.000703056341474542
"678",2020-09-10,-0.00422634287292323
"679",2020-09-11,0.00680034223676251
"680",2020-09-14,0.024698268722793
"681",2020-09-15,0.0106589784712868
"682",2020-09-17,0.0121078394500635
"683",2020-09-18,-0.0312384263320962
"684",2020-09-21,-0.0034550240600955
"685",2020-09-22,0.0304499220836116
"686",2020-09-23,-0.00808982573569846
"687",2020-09-24,0.0260564298236982
"688",2020-09-25,-0.00994151908479293
"689",2020-09-28,0.0134525979958526
"690",2020-09-29,0.0124090624045543
"691",2020-09-30,-0.0172401588202722
"692",2020-10-01,-0.0340305366084921
"693",2020-10-02,0.00884257706125662
"694",2020-10-05,0.0245275642208184
"695",2020-10-06,0.00571052539508058
"696",2020-10-07,-0.0087990738619754
"697",2020-10-08,0.0370856532081598
"698",2020-10-09,0
"699",2020-10-12,0.0141635316299153
"700",2020-10-13,-0.0319925186951788
"701",2020-10-14,0.00238129433340947
"702",2020-10-15,-0.0218589301405559
"703",2020-10-16,-0.0261963660154836
"704",2020-10-19,0
"705",2020-10-20,-0.0383864264660811
"706",2020-10-21,0.0145101300346583
"707",2020-10-22,-0.0211326593849886
"708",2020-10-23,0.0099177048618216
"709",2020-10-26,-0.000235179765011207
"710",2020-10-27,-0.00660222847035013
"711",2020-10-28,-0.0405559081405757
"712",2020-10-29,-0.0297557576288694
"713",2020-10-30,-0.00305053291145935
"714",2020-11-03,-0.00331495186352761
"715",2020-11-04,0.0291992015434299
"716",2020-11-05,0.0329416997484402
"717",2020-11-06,-0.0135332905060196
"718",2020-11-09,0.0398289207739823
"719",2020-11-10,0.0120847164833183
"720",2020-11-11,0.0318280429199439
"721",2020-11-12,-0.00291316204255705
"722",2020-11-13,0.0135965295178524
"723",2020-11-17,0.0341671192551699
"724",2020-11-18,0.00724802673433823
"725",2020-11-19,-0.0130412285125688
"726",2020-11-20,0.00429443522657838
"727",2020-11-23,-0.0251694337283319
"728",2020-11-24,0.0141816027996194
"729",2020-11-25,0.0246081082307739
"730",2020-11-26,-0.0200691276401581
"731",2020-11-27,0.00816171627432314
"732",2020-11-30,-0.0183491915693332
"733",2020-12-01,0.0610603129802243
"734",2020-12-02,-0.00534328358020073
"735",2020-12-03,0.0128981800916494
"736",2020-12-04,-0.000203602396427616
"737",2020-12-07,-0.0238840645987626
"738",2020-12-08,0.0571006657137307
"739",2020-12-09,-0.00118172481479766
"740",2020-12-10,0.0113638167678043
"741",2020-12-11,-0.00664590825529342
"742",2020-12-14,0.00839757280180103
"743",2020-12-15,0.0154384899030181
"744",2020-12-16,0.0212210681700221
"745",2020-12-17,0.066013684299891
"746",2020-12-18,-0.0214642711683507
"747",2020-12-21,-0.000717487517939979
"748",2020-12-22,-0.0492837973799896
"749",2020-12-23,0.0808979230731759
"750",2020-12-24,0.046867643724994
"751",2020-12-28,0.0316761912777137
"752",2020-12-29,0.051220749989142
"753",2020-12-30,0.0183077061191334
"754",2020-12-31,-0.00480925949493533
"755",2021-01-04,-0.0156382764282081
"756",2021-01-05,0.00959426932696838
"757",2021-01-06,0.0133988054782793
"758",2021-01-07,0.0108574063379299
"759",2021-01-08,0.0248369958844809
"760",2021-01-11,-0.019084413219548
"761",2021-01-12,-0.0161615192953377
"762",2021-01-13,-0.036533736298464
"763",2021-01-14,0.0103339350928822
"764",2021-01-15,0.00809967061889733
"765",2021-01-18,-0.00871363729887473
"766",2021-01-19,-0.00107534957432994
"767",2021-01-20,-0.0230109872231002
"768",2021-01-21,-0.0158531240944605
"769",2021-01-22,-0.0227888879166798
"770",2021-01-25,0.000653634282330902
"771",2021-01-26,-0.0214671000314022
"772",2021-01-27,-0.0391472697836697
"773",2021-01-28,-0.038214451784856
"774",2021-01-29,-0.0721538004670487
"775",2021-02-02,0.0136684128769075
"776",2021-02-03,0.000764601991157891
"777",2021-02-04,0.0341817438652502
"778",2021-02-05,-0.00797118423322968
"779",2021-02-08,-0.0358093087259058
"780",2021-02-09,0.0302102001046432
"781",2021-02-10,0.0139394255235517
"782",2021-02-11,-0.037420940189928
"783",2021-02-12,0.00496949750411922
"784",2021-02-15,0.0130695052884994
"785",2021-02-16,-0.00339302274962098
"786",2021-02-17,0.0214822122546524
"787",2021-02-18,-0.03612819229765
"788",2021-02-19,-0.0168104145305319
"789",2021-02-22,-0.0411711813840189
"790",2021-02-23,0.0321675764615911
"791",2021-02-24,-0.012464358848316
"792",2021-02-25,-0.0201093907602287
"793",2021-02-26,0.0516590836232377
"794",2021-03-01,0.0038503608020335
"795",2021-03-02,0.0116537188436831
"796",2021-03-03,0.0115193206773343
"797",2021-03-04,0.0211785352603507
"798",2021-03-05,-0.0118342858363903
"799",2021-03-08,0.00907312933168957
"800",2021-03-09,0.0102697960167314
"801",2021-03-10,0.0293053407810211
"802",2021-03-11,-0.0211287692112229
"803",2021-03-12,-0.0032626396516076
"804",2021-03-16,0.0185272700587643
"805",2021-03-17,0.0108129565435668
"806",2021-03-18,-0.00441735032642984
"807",2021-03-19,-0.051600962938869
"808",2021-03-22,0.0177421450837067
"809",2021-03-23,-0.0104964227890182
"810",2021-03-24,-0.000370301134279231
"811",2021-03-25,0.0143412394126053
"812",2021-03-26,0.017013952672981
"813",2021-03-29,0.0418264375910601
"814",2021-03-30,-0.0119471379119894
"815",2021-03-31,-0.0270119196088633
"816",2021-04-05,0.0334360286905132
"817",2021-04-06,0.0197075696413085
"818",2021-04-07,0.01164083740945
"819",2021-04-08,-0.00386515124568227
"820",2021-04-09,-0.0342559373401297
"821",2021-04-12,0.0347609444179297
"822",2021-04-13,0.00100924970251867
"823",2021-04-14,0.0103697009980177
"824",2021-04-15,0.00729451568598874
"825",2021-04-16,0.0100254736877774
"826",2021-04-19,-0.0465277871461832
"827",2021-04-20,0.0025664431608629
"828",2021-04-21,0.0377277391728746
"829",2021-04-22,0.0085205021246113
"830",2021-04-23,0.0137731160515035
"831",2021-04-26,-0.0397228600390408
"832",2021-04-27,0.010990998632569
"833",2021-04-28,-0.00981948286699551
"834",2021-04-29,-0.00318297858301171
"835",2021-04-30,-0.031532168114102
"836",2021-05-03,0.013757715746893
"837",2021-05-04,0.0047707614889998
"838",2021-05-05,0.00339392310680469
"839",2021-05-06,-0.0109010581109355
"840",2021-05-07,-0.0117142216479254
"841",2021-05-10,0.0239696713946141
"842",2021-05-11,-0.010544364976852
"843",2021-05-12,-0.0130788066994459
"844",2021-05-13,0.00294041015469253
"845",2021-05-14,-0.00415368480458319
"846",2021-05-17,0.00897794454676787
"847",2021-05-18,0.000515507284516003
"848",2021-05-19,0.00137352714825211
"849",2021-05-20,-0.00240480760211579
"850",2021-05-21,-0.0180466133366993
"851",2021-05-24,-0.00227889940353351
"852",2021-05-25,-0.0230793426113441
"853",2021-05-26,0.0116062877566101
"854",2021-05-27,0.0352321105170004
"855",2021-05-28,0.0272181967257574
"856",2021-05-31,0.00532275834386552
"857",2021-06-01,0.0428636926947798
"858",2021-06-02,0.031291671312227
"859",2021-06-03,-0.0316095852232779
"860",2021-06-04,0.0192102559882688
"861",2021-06-07,0.0171631258463375
"862",2021-06-08,0.0228850666793639
"863",2021-06-09,-0.0262634419724084
"864",2021-06-10,0.00337837529304446
"865",2021-06-11,0.00382507417629647
"866",2021-06-14,-0.000458197549636903
"867",2021-06-15,0.00715562646788949
"868",2021-06-16,-0.021311736764788
"869",2021-06-17,0.00108411415603142
"870",2021-06-18,0.00509528417076695
"871",2021-06-21,0.000615981876237898
"872",2021-06-22,-0.0339706801726958
"873",2021-06-23,-0.00590913408859275
"874",2021-06-24,0.00680936568074632
"875",2021-06-25,0.00724467318114489
"876",2021-06-28,0.0184366933242751
"877",2021-06-29,-0.0169940612271317
"878",2021-06-30,-0.00224488084084887
"879",2021-07-01,0.0157683654596045
"880",2021-07-02,0.0169229197670796
"881",2021-07-05,0.00573257277625752
"882",2021-07-06,-0.00978050186225094
"883",2021-07-07,-0.00940441407271017
"884",2021-07-08,-0.0160333551392653
"885",2021-07-09,0.00590342277024645
"886",2021-07-12,-0.0181399799914994
"887",2021-07-13,-0.0383074711914537
"888",2021-07-14,0.0321325806379041
"889",2021-07-15,0.0232006747606717
"890",2021-07-16,0.0120312214207321
"891",2021-07-19,-0.0362102677894066
"892",2021-07-20,0.0365249191773572
"893",2021-07-21,-0.0327793361482964
"894",2021-07-22,0.00906152981065686
"895",2021-07-23,0.0145521616230706
"896",2021-07-26,0.0115225359465023
"897",2021-07-27,0.0209650451720353
"898",2021-07-28,-0.00709445464489095
"899",2021-07-29,-0.0143415871521816
"900",2021-07-30,0.0211287061497086
"901",2021-08-02,-0.0151799485988886
"902",2021-08-03,0.0269474972625379
"903",2021-08-04,-0.000608000824875848
"904",2021-08-05,0.0191227352861924
"905",2021-08-06,-0.00959089764537343
"906",2021-08-09,0.00255675716419104
"907",2021-08-10,-0.00617732013826458
"908",2021-08-11,-0.0124695786764144
"909",2021-08-12,-0.00275827831865946
"910",2021-08-13,-0.0135951815358008
"911",2021-08-16,0.0119058956559377
"912",2021-08-17,-0.0164268323838711
"913",2021-08-18,0.0193429998180763
"914",2021-08-19,-0.0142000374071754
"915",2021-08-20,-0.0117271531756796
"916",2021-08-23,0.00157158918315071
"917",2021-08-24,0.00672996654866694
"918",2021-08-25,0.00714940129609569
"919",2021-08-26,-0.0080857575609231
"920",2021-08-27,0.00715619844862155
"921",2021-08-30,0.0054107376635913
"922",2021-08-31,0.0512393955680811
"923",2021-09-01,-0.0435599696087055
"924",2021-09-02,-0.0157290707600293
"925",2021-09-03,0.0149637826479506
"926",2021-09-06,0.0380067350075346
"927",2021-09-07,-0.000442268671557718
"928",2021-09-08,0.00117914437671242
"929",2021-09-09,-0.00576113780943296
"930",2021-09-10,0.00826199306226657
"931",2021-09-13,-0.0125675293948354
"932",2021-09-14,0.0336485284704101
"933",2021-09-15,0.0785475074052935
"934",2021-09-17,-0.00253011375722541
"935",2021-09-20,-0.0196585910503158
"936",2021-09-21,-0.00874083230971578
"937",2021-09-22,-0.00439928982609783
"938",2021-09-23,0.0110984373784144
"939",2021-09-24,-0.0174563653128539
"940",2021-09-27,0.00442739729088043
"941",2021-09-28,-0.0397067541399779
"942",2021-09-29,-0.0247213850761433
"943",2021-09-30,0.0402565132951132
"944",2021-10-01,-0.00966348331997677
"945",2021-10-04,0.0199343878468397
"946",2021-10-05,0.00516563729878283
"947",2021-10-06,0.000417749256331975
"948",2021-10-07,0.022980005691416
"949",2021-10-08,-0.00901895810668062
"950",2021-10-11,0.0282854007158307
"951",2021-10-12,-0.0183145991588656
"952",2021-10-13,0.00582682972992758
"953",2021-10-14,-0.0025703972691043
"954",2021-10-15,0.0139900099795476
"955",2021-10-18,-0.014803151487692
"956",2021-10-19,-0.0104941977474305
"957",2021-10-20,0.00641854255009299
"958",2021-10-21,-0.0371644850673329
"959",2021-10-22,0.00577569397935615
"960",2021-10-25,-0.00662377476738333
"961",2021-10-26,0.0187705911589857
"962",2021-10-27,-0.0208940016205197
"963",2021-10-28,-0.0196042348748602
"964",2021-10-29,0.000722283940552513
"965",2021-11-01,0.0208641512721824
"966",2021-11-03,0.0158542910819776
"967",2021-11-04,-0.0123251770400675
"968",2021-11-05,-0.00948674784130312
"969",2021-11-08,0.00411737540253436
"970",2021-11-09,0.0136496460303246
"971",2021-11-10,-0.0154935234658457
"972",2021-11-11,-0.00683640097713569
"973",2021-11-12,-0.0402445155582662
"974",2021-11-16,-0.00881714607082523
"975",2021-11-17,0.0256364379927823
"976",2021-11-18,-0.002783546192703
"977",2021-11-19,-0.0118065359158726
"978",2021-11-22,-0.0319786445542667
"979",2021-11-23,-0.0173162867820805
"980",2021-11-24,-0.0321715207359415
"981",2021-11-25,0.00818037460787775
"982",2021-11-26,-0.0507888674532581
"983",2021-11-29,-0.0113245269495055
"984",2021-11-30,0.0584324867803809
"985",2021-12-01,-0.0254945743924117
"986",2021-12-02,0.0266163327895216
"987",2021-12-03,-0.0195688294486426
"988",2021-12-06,-0.0123245576676301
"989",2021-12-07,0.0133040175794939
"990",2021-12-08,-0.00769801691599487
"991",2021-12-09,-0.00775773639922497
"992",2021-12-10,-0.00681699182195302
"993",2021-12-13,-0.0185221362152086
"994",2021-12-14,0.0180215626197742
"995",2021-12-15,-0.00116902482540344
"996",2021-12-16,-0.0293366375948504
"997",2021-12-17,0.0539313785511252
"998",2021-12-20,-0.0421272260597575
"999",2021-12-21,0.0111618765033444
"1000",2021-12-22,0.0387614215187533
"1001",2021-12-23,-0.00910129265910453
"1002",2021-12-24,0.00602251280731994
"1003",2021-12-27,0.0262667518183245
"1004",2021-12-28,-0.0193126422934532
"1005",2021-12-29,0.00402085791367403
"1006",2021-12-30,0.0140264098111346
"1007",2021-12-31,0.046541590772013
"1008",2022-01-03,-0.0221501893189348
"1009",2022-01-04,0.00692690932861583
"1010",2022-01-05,-0.0410201568728435
"1011",2022-01-06,-0.00191974817937333
"1012",2022-01-07,-0.0202189572344024
"1013",2022-01-10,-0.0098523151378416
"1014",2022-01-11,0.00919846635421406
"1015",2022-01-12,0.0421030867305569
"1016",2022-01-13,0.00453584822686628
"1017",2022-01-14,-0.00187446822766349
"1018",2022-01-17,0.0198148184724898
"1019",2022-01-18,-0.0358907074250956
"1020",2022-01-19,-0.0262389923451738
"1021",2022-01-20,0.0230562340266447
"1022",2022-01-21,-0.0350343607633676
"1023",2022-01-24,-0.0294829562531378
"1024",2022-01-25,-0.021306593657143
"1025",2022-01-26,-0.0099486692914847
"1026",2022-01-27,-0.00721767807398701
"1027",2022-01-28,0.00493482400044957
"1028",2022-01-31,0.0141401177464656
"1029",2022-02-01,0.0142846321609996
"1030",2022-02-02,0.00850781020688733
"1031",2022-02-03,-0.0562816418090069
"1032",2022-02-04,0.00322114015496935
"1033",2022-02-08,0.00124980565876934
"1034",2022-02-09,0.0079979964929799
"1035",2022-02-10,-0.014263061499981
"1036",2022-02-11,0.0352833186343824
"1037",2022-02-14,-0.0291966712089764
"1038",2022-02-15,0.0171640958278178
"1039",2022-02-16,0.0363488739309323
"1040",2022-02-17,-0.0255304056303764
"1041",2022-02-18,0.0245147370746803
"1042",2022-02-21,0.00792784994487216
"1043",2022-02-22,0.0670869486358672
"1044",2022-02-23,-0.0144001122826122
"1045",2022-02-24,-0.023708909340736
"1046",2022-02-25,0.0197162427949697
"1047",2022-02-28,-0.00192220824313615
"1048",2022-03-01,0.00941527022419469
"1049",2022-03-02,0.0636843574506625
"1050",2022-03-03,-0.00612888439721417
"1051",2022-03-04,-0.00873502381336233
"1052",2022-03-07,-0.0354100472247229
"1053",2022-03-08,-0.0358976764685728
"1054",2022-03-09,0.0495943029143166
"1055",2022-03-10,-0.00807082154753972
"1056",2022-03-11,-0.0184010454519733
"1057",2022-03-14,0.00727503584319887
"1058",2022-03-15,0.0228998888529937
"1059",2022-03-16,0.0697423430402427
"1060",2022-03-17,0.00658537127245923
"1061",2022-03-18,0.0726393857262208
"1062",2022-03-22,-0.00372259500842457
"1063",2022-03-23,-0.0184155998281746
"1064",2022-03-24,0.0254499092098271
"1065",2022-03-25,0.0021139115932512
"1066",2022-03-28,0.000527754132456458
"1067",2022-03-29,-0.0202538329761288
"1068",2022-03-30,-0.0102829088119934
"1069",2022-03-31,0.0118970501479558
"1070",2022-04-01,0.00402351113239646
"1071",2022-04-04,-0.00671516018876608
"1072",2022-04-05,-0.00242845737550808
"1073",2022-04-06,0.00646311200319142
"1074",2022-04-07,-0.0132400557192695
"1075",2022-04-08,-0.0322006882794885
"1076",2022-04-11,0.0274294610259811
"1077",2022-04-12,0.000409821301221938
"1078",2022-04-13,-0.0220972266440521
"1079",2022-04-18,0.000558515280676679
"1080",2022-04-19,0.030378114181424
"1081",2022-04-20,0.0110409730233057
"1082",2022-04-21,-0.0421173913643603
"1083",2022-04-22,-0.0177545054688507
"1084",2022-04-25,0.0148172067967806
"1085",2022-04-26,-0.033326854012297
"1086",2022-04-27,-0.0198924843024321
"1087",2022-04-28,0.0165560445795013
"1088",2022-04-29,-0.031889294135768
"1089",2022-05-02,0.00747265472964075
"1090",2022-05-03,-0.0148507101431889
"1091",2022-05-04,0.0190112708065566
"1092",2022-05-05,-0.0394698946988552
"1093",2022-05-06,-0.00836441463857601
"1094",2022-05-09,0.0143621741584366
"1095",2022-05-10,-0.00107385660602488
"1096",2022-05-11,-0.0357823793079665
"1097",2022-05-12,0.0308584763941307
"1098",2022-05-13,0.00169539670229705
"1099",2022-05-16,0.000307856143919108
"1100",2022-05-17,0.011935907503922
"1101",2022-05-18,-0.0174932280439741
"1102",2022-05-19,0.0191649943575139
"1103",2022-05-20,0.0913679761672605
"1104",2022-05-23,0.0141748572397583
"1105",2022-05-24,0.0166682774014631
"1106",2022-05-25,0.0244268875604454
"1107",2022-05-26,0.0237165323330838
"1108",2022-05-27,0.0289070667075504
"1109",2022-05-30,0.0295453973882159
"1110",2022-05-31,-0.00810625125196013
"1111",2022-06-01,-0.0215650860622844
"1112",2022-06-02,-0.0326597446677584
"1113",2022-06-03,0.0143477817807573
"1114",2022-06-06,0.00524822474315455
"1115",2022-06-07,0.00191303280172727
"1116",2022-06-08,-0.00895953789614568
"1117",2022-06-09,0.00895953789614578
"1118",2022-06-10,-0.0348774271059605
"1119",2022-06-13,0.0266889334677491
"1120",2022-06-14,-0.0021862219892326
"1121",2022-06-15,-0.0192389813368459
"1122",2022-06-16,0.00706267157899408
"1123",2022-06-17,-0.0449139832488966
"1124",2022-06-20,0.01997358544119
"1125",2022-06-21,0.0122180685681794
"1126",2022-06-22,-0.0107494163934044
"1127",2022-06-23,-0.0108659046250333
"1128",2022-06-24,0.00792654547928542
"1129",2022-06-27,0.00706714868156966
"1130",2022-06-28,0.0095212889600823
"1131",2022-06-29,-0.00620509902649477
"1132",2022-06-30,-0.00744397946940919
"1133",2022-07-01,-0.00602185553338512
"1134",2022-07-04,0.0302752949716415
"1135",2022-07-05,-0.0108676005847167
"1136",2022-07-06,0.0145071750070008
"1137",2022-07-07,0.00310925756785351
"1138",2022-07-08,-0.00233111290893645
"1139",2022-07-11,-0.00220647114445896
"1140",2022-07-12,0.00841053418007242
"1141",2022-07-13,-0.0212261430591671
"1142",2022-07-14,0.0134650825272178
"1143",2022-07-15,0.00621370029761899
"1144",2022-07-18,-0.00219610709754836
"1145",2022-07-19,0.00348585851430952
"1146",2022-07-20,-0.00219347669784174
"1147",2022-07-21,-0.00738971577462465
"1148",2022-07-22,0.00506202078887917
"1149",2022-07-25,-0.00324199842943785
"1150",2022-07-26,-0.000129935617646585
"1151",2022-07-27,0.0126502795549649
"1152",2022-07-28,0.0252054870101107
"1153",2022-07-29,-0.00551847082680613
"1154",2022-08-01,0.0217710672704612
"1155",2022-08-02,-0.00691541324056875
"1156",2022-08-03,-0.0200256895292094
"1157",2022-08-04,0.019281981198339
"1158",2022-08-05,-0.0138603588796568
"1159",2022-08-08,-0.00251792738439947
"1160",2022-08-09,0.000629878173470171
"1161",2022-08-10,-0.0125499698767933
"1162",2022-08-11,0.0178271756974752
"1163",2022-08-12,-0.00351504107944706
"1164",2022-08-15,0.0178230396614059
"1165",2022-08-16,-0.0154365074922221
"1166",2022-08-17,0.00961368286552411
"1167",2022-08-18,-0.00810938573604395
"1168",2022-08-19,-0.0228059785794666
"1169",2022-08-22,-0.0113417462162387
"1170",2022-08-23,-0.0130465291406679
"1171",2022-08-24,-0.00830763600326386
"1172",2022-08-25,0.0134159670921762
"1173",2022-08-26,-0.00694855169809174
"1174",2022-08-29,-0.0239660765910229
"1175",2022-08-30,-0.0205575657794964
"1176",2022-08-31,-0.0474634992926712
"1177",2022-09-01,-0.0173133879847327
"1178",2022-09-02,-0.00795645512042258
"1179",2022-09-05,0.0271430763686568
"1180",2022-09-06,-0.00490685029886433
"1181",2022-09-07,-0.0175136001958869
"1182",2022-09-08,0.0122917539824505
"1183",2022-09-09,0.0140083594887618
"1184",2022-09-12,0.0669735071945854
"1185",2022-09-13,-0.000268253725291818
"1186",2022-09-14,0.00481801180927351
"1187",2022-09-15,0.0038642895188124
"1188",2022-09-19,0.0147857496124675
"1189",2022-09-20,0.000655107017536581
"1190",2022-09-21,-0.000131007691039702
"1191",2022-09-22,-0.0241262513203141
"1192",2022-09-23,-0.0281670784464209
"1193",2022-09-26,-0.0188067162606974
"1194",2022-09-27,-0.00140725384601046
"1195",2022-09-28,0.0275016033037935
"1196",2022-09-29,0.0202082474265616
"1197",2022-09-30,-0.00417089661039519
"1198",2022-10-03,0.0204183143954368
"1199",2022-10-04,-0.0149055778715124
"1200",2022-10-05,0.00534900660738776
"1201",2022-10-06,0.0121951846690026
"1202",2022-10-07,-0.0115286710351529
"1203",2022-10-10,-0.0188354849550208
"1204",2022-10-11,0.00162852030677307
"1205",2022-10-12,0.00608301523113187
"1206",2022-10-13,0.00698379569494131
"1207",2022-10-14,-0.0206890070869288
"1208",2022-10-17,0.0486665819912628
"1209",2022-10-18,-0.0281113528863841
"1210",2022-10-19,0.0013373959705857
"1211",2022-10-20,0.00160285385971717
"1212",2022-10-21,0.0206058040787398
"1213",2022-10-24,-0.0226096679081023
"1214",2022-10-25,0.0344365114753547
"1215",2022-10-26,-0.00804272954903884
"1216",2022-10-27,0.0305268834318508
"1217",2022-10-28,-0.00392372578279981
"1218",2022-10-31,0.0132284659088203
"1219",2022-11-01,0.0221557758614598
"1220",2022-11-03,0.00390955484777089
"1221",2022-11-04,0.0358101124093772
"1222",2022-11-07,-0.023810704471564
"1223",2022-11-08,0.00120418215486858
"1224",2022-11-09,-0.015645282148811
"1225",2022-11-10,0.0144410999939424
"1226",2022-11-11,0.0355066796362269
"1227",2022-11-14,0.0160336201440451
"1228",2022-11-15,-0.0202284663541031
"1229",2022-11-16,-0.00609029371500302
"1230",2022-11-17,0.00900522182917802
"1231",2022-11-18,0.0114605311165704
"1232",2022-11-22,0.00310297085020205
"1233",2022-11-23,-0.0208702968555666
"1234",2022-11-24,-0.0235918880162082
"1235",2022-11-25,-0.0127973407137625
"1236",2022-11-28,0.00629832037495374
"1237",2022-11-29,-0.00278097379263289
"1238",2022-11-30,0.0179989464115246
"1239",2022-12-01,0.032064683460638
"1240",2022-12-02,-0.00995385765368808
"1241",2022-12-05,-0.0351578567223747
"1242",2022-12-06,-0.0109026269110305
"1243",2022-12-07,0.0227597546492033
"1244",2022-12-08,0.00888995246139839
"1245",2022-12-09,-0.00366488060411073
"1246",2022-12-13,0.0400494213066266
"1247",2022-12-14,-0.0172159848076938
"1248",2022-12-15,-0.0254425130295444
"1249",2022-12-16,0.00379278226169868
"1250",2022-12-19,0.0215339207240696
"1251",2022-12-20,-0.00371174027806121
"1252",2022-12-21,0.013504955408134
"1253",2022-12-22,-0.0255471826589952
"1254",2022-12-23,0.0364775213776283
"1255",2022-12-26,-0.0174916537881506
"1256",2022-12-27,0.00993418123244812
"1257",2022-12-28,-0.0308147954088204
"1258",2022-12-29,-0.00237356267308705
"1259",2022-12-30,-0.0257567749456001
"1260",2023-01-02,0.0336862532659618
"1261",2023-01-03,-0.00484499965477575
"1262",2023-01-04,-0.0102393451259823
"1263",2023-01-05,0.0326122940945222
"1264",2023-01-06,0.0414102477193615
"1265",2023-01-09,-0.00825812807580384
"1266",2023-01-10,-0.0212918363719829
"1267",2023-01-11,0.0200583887342792
"1268",2023-01-12,0.00604040282571891
"1269",2023-01-13,0.0191091796068859
"1270",2023-01-16,0.0152011353195515
"1271",2023-01-17,-0.0267555983520704
"1272",2023-01-18,0.0197267304624613
"1273",2023-01-19,-0.0010858412797776
"1274",2023-01-20,0.00725218308029622
"1275",2023-01-23,0.0239770356809783
"1276",2023-01-24,-0.000842809564389468
"1277",2023-01-25,0.0180674828837917
"1278",2023-01-26,0.00392516292717638
"1279",2023-01-27,0
"1280",2023-01-30,-0.0155847686014821
"1281",2023-01-31,-0.0105263835108285
"1282",2023-02-01,0.0105263835108286
"1283",2023-02-02,-0.00346139282173937
"1284",2023-02-03,0.0185305337840156
"1285",2023-02-07,-0.0166409863763126
"1286",2023-02-08,-0.0240949878557745
"1287",2023-02-09,0.00482285478513059
"1288",2023-02-10,-0.0022478272040145
"1289",2023-02-13,-0.00364992984610278
"1290",2023-02-14,-0.037364045775006
"1291",2023-02-15,0.0126471544360483
"1292",2023-02-16,0.00253244336733646
"1293",2023-02-17,-0.0115020186138442
"1294",2023-02-20,0.00432878609056337
"1295",2023-02-21,-0.0283070292086596
"1296",2023-02-22,0.00896055248134245
"1297",2023-02-23,-0.0107851643810141
"1298",2023-02-24,-0.0146021838056809
"1299",2023-02-27,0.0110575745468431
"1300",2023-02-28,0.00468535947772138
"1301",2023-03-01,0.00941848655139733
"1302",2023-03-02,0.00462006896534261
"1303",2023-03-03,0.0213555216650635
"1304",2023-03-06,-0.00607101092011388
"1305",2023-03-07,-0.0314916144241304
"1306",2023-03-08,-0.00114331758959839
"1307",2023-03-09,-0.000228695135926183
"1308",2023-03-10,0.0084311632036248
"1309",2023-03-13,-0.0145137376486246
"1310",2023-03-14,0.0019550256885502
"1311",2023-03-15,-0.00103471214085665
"1312",2023-03-16,-0.0295287872591152
"1313",2023-03-17,0.0040194668303793
"1314",2023-03-21,0.00035384368839902
"1315",2023-03-22,0.00153196961320858
"1316",2023-03-23,-0.00863339292260938
"1317",2023-03-24,0.0235939508585319
"1318",2023-03-27,-0.0068680524628005
"1319",2023-03-28,-0.0122225185872998
"1320",2023-03-29,0.052852939564299
"1321",2023-03-30,0.0245940900506068
"1322",2023-03-31,-0.0194479744531332
"1323",2023-04-03,0.00122662045801479
"1324",2023-04-04,0.0150428825806434
"1325",2023-04-05,-0.0290715535966314
"1326",2023-04-10,0.0458364146605681
"1327",2023-04-11,0.0172317493029855
"1328",2023-04-12,0.025251502544391
"1329",2023-04-13,0.0175379207918497
"1330",2023-04-14,-0.0261626735747842
"1331",2023-04-17,0.0241273738388608
"1332",2023-04-18,-0.012816050562467
"1333",2023-04-19,0.000825087815277185
"1334",2023-04-20,0.0287606848320479
"1335",2023-04-21,0.0331065068709109
"1336",2023-04-24,-0.0213545221134869
"1337",2023-04-25,-0.00915062120749695
"1338",2023-04-26,0.00149769015659408
"1339",2023-04-27,-0.0105312436415322
"1340",2023-04-28,0.0286244485228921
"1341",2023-05-02,-0.0259059295135826
"1342",2023-05-03,0.0157626899933143
"1343",2023-05-04,-0.0102473365012923
"1344",2023-05-05,-0.00160136136204303
"1345",2023-05-08,0.00778224614378358
"1346",2023-05-09,0.00396739845262791
"1347",2023-05-10,0.0242531211827627
"1348",2023-05-11,-0.00484261053128158
"1349",2023-05-12,0.00164904125722281
"1350",2023-05-15,-0.00554010074812958
"1351",2023-05-16,0.0105677094957918
"1352",2023-05-17,-0.00328445272641146
"1353",2023-05-18,0.00646195648038858
"1354",2023-05-19,0.00374228132754664
"1355",2023-05-22,-0.0132081985276025
"1356",2023-05-23,-0.00730532499838999
"1357",2023-05-24,-0.0117018123827009
"1358",2023-05-25,0.00513036107283713
"1359",2023-05-26,0.0323387840514388
"1360",2023-05-29,0.0523407855407526
"1361",2023-05-30,0.00666848338698027
"1362",2023-05-31,-0.0776654520554888
"1363",2023-06-01,0.0405191210858182
"1364",2023-06-02,0.0526533153673266
"1365",2023-06-05,-0.00861500121533041
"1366",2023-06-06,0.0246687072496098
"1367",2023-06-07,-0.00926741332605326
"1368",2023-06-08,0.0152540525610172
"1369",2023-06-09,0.00233302917777041
"1370",2023-06-12,0.0041339537771942
"1371",2023-06-13,0.0109412272061769
"1372",2023-06-14,0.0136780231897396
"1373",2023-06-15,0.00451810122033857
"1374",2023-06-16,-0.00829878703046809
"1375",2023-06-19,0.000925539619094764
"1376",2023-06-20,0.0163486027306482
"1377",2023-06-21,-0.00306579771393335
"1378",2023-06-22,-0.00507519231139635
"1379",2023-06-23,0.00441107071604214
"1380",2023-06-26,-0.00099697759026166
"1381",2023-06-27,0.0137044649677211
"1382",2023-06-28,-0.00985394915048776
"1383",2023-06-29,0.011006864261068
"1384",2023-06-30,0.0179449927375137
"1385",2023-07-03,0.014605794678984
"1386",2023-07-04,-0.0133938954517156
"1387",2023-07-05,0.0018553516047569
"1388",2023-07-06,0.00394130751274814
"1389",2023-07-07,-0.0111398593727726
"1390",2023-07-10,-0.00856004763826123
"1391",2023-07-11,0.0147910959145792
"1392",2023-07-12,0.00611225144293928
"1393",2023-07-13,0.021260479523203
"1394",2023-07-14,-0.0118437777697615
"1395",2023-07-17,0.00427995225404345
"1396",2023-07-18,0.0237585075089192
"1397",2023-07-19,-0.00526554902201996
"1398",2023-07-20,-0.00505943524468207
"1399",2023-07-21,-0.000312136121589776
"1400",2023-07-24,0.0144144245024775
"1401",2023-07-25,0.00560094707149602
"1402",2023-07-26,0.00989732849082669
"1403",2023-07-27,0.000681468878888969
"1404",2023-07-28,0.00686560371688247
"1405",2023-07-31,0.00142752810858066
"1406",2023-08-01,-0.0286364623192131
"1407",2023-08-02,-0.0276521778246101
"1408",2023-08-03,0.0244795438977452
"1409",2023-08-04,0.0265397618381582
"1410",2023-08-07,-0.0304227110277071
"1411",2023-08-08,-0.00491402166594051
"1412",2023-08-09,0.00887444850196017
"1413",2023-08-10,0.00487065088309456
"1414",2023-08-11,-0.0134323655397007
"1415",2023-08-14,0.00397859498611449
"1416",2023-08-15,0.028021606444636
"1417",2023-08-16,0.0187495745421906
"1418",2023-08-17,-0.0126362255606614
"1419",2023-08-18,0.0077950882286669
"1420",2023-08-21,-0.0319365511664929
"1421",2023-08-22,0.00207908583637726
"1422",2023-08-23,0.0414372221287149
"1423",2023-08-24,-0.0194498321388914
"1424",2023-08-25,0.0333016945665024
"1425",2023-08-28,0.000727679418588862
"1426",2023-08-29,0.00435442779057628
"1427",2023-08-30,0.0148076767966134
"1428",2023-08-31,-0.0390694746698352
"1429",2023-09-01,-0.0207662240082674
"1430",2023-09-04,0.029188855402632
"1431",2023-09-05,0.00433138813898801
"1432",2023-09-06,-0.0206498403439524
"1433",2023-09-07,0.0270755114746565
"1434",2023-09-08,-0.00481534986681487
"1435",2023-09-11,0.000950227418058808
"1436",2023-09-12,0.0147957291481374
"1437",2023-09-13,-0.0146495416689769
"1438",2023-09-14,0.00640847061603271
"1439",2023-09-15,0.0512207832783563
"1440",2023-09-18,-0.0481042197255789
"1441",2023-09-19,0.017858133923215
"1442",2023-09-20,0.0198472925230793
"1443",2023-09-21,-0.037922692983944
"1444",2023-09-22,-0.00806643380032737
"1445",2023-09-25,-0.0525807005650583
"1446",2023-09-26,-0.00230986868888229
"1447",2023-09-27,0.00061650285738341
"1448",2023-09-28,-0.00501991075506067
"1449",2023-09-29,-0.0205725478993991
"1450",2023-10-02,-0.007616031947016
"1451",2023-10-03,0.00444976225742567
"1452",2023-10-04,-0.0196964003277856
"1453",2023-10-05,0.0399451392357094
"1454",2023-10-06,0.00356747235626893
"1455",2023-10-09,0.00571267148393436
"1456",2023-10-10,0.0260602450286324
"1457",2023-10-11,0.0015737234541861
"1458",2023-10-12,-0.00390133024939464
"1459",2023-10-13,-0.0459152363760658
"1460",2023-10-16,0.021412443738565
"1461",2023-10-17,-0.012402248333049
"1462",2023-10-18,0.0246526817855927
"1463",2023-10-19,-0.0231719813153455
"1464",2023-10-20,0.00628872636322406
"1465",2023-10-23,-0.0366515320290253
"1466",2023-10-24,-0.0347157757420935
"1467",2023-10-25,-0.00274670838591363
"1468",2023-10-26,0.00490542768173647
"1469",2023-10-27,-0.00690772398205868
"1470",2023-10-30,-0.0250309014948637
"1471",2023-10-31,-0.0105020145944834
"1472",2023-11-01,0.0122985666072925
"1473",2023-11-03,0.0890821592617957
"1474",2023-11-06,0.042781225478842
"1475",2023-11-07,-0.0419996349974349
"1476",2023-11-08,-0.000156220562581581
"1477",2023-11-09,-0.0194104930269589
"1478",2023-11-10,-0.00727681306888029
"1479",2023-11-13,0.0202588936477404
"1480",2023-11-14,0.044831129002362
"1481",2023-11-15,0.0113656169128819
"1482",2023-11-16,0.0243843451497612
"1483",2023-11-17,-0.00706311035458278
"1484",2023-11-21,0.0040836771096286
"1485",2023-11-22,-0.00869789315629435
"1486",2023-11-23,0.0156600773857927
"1487",2023-11-24,-0.00478127604445907
"1488",2023-11-27,0.0172779014056846
"1489",2023-11-28,0.00711177391971742
"1490",2023-11-29,0.0545408951175834
"1491",2023-11-30,0.0555987094778298
"1492",2023-12-01,-0.00330615828659413
"1493",2023-12-04,0.00292526248486728
"1494",2023-12-05,0.0355554065825231
"1495",2023-12-06,-0.0145680403419134
"1496",2023-12-07,0.0240827676335771
"1497",2023-12-08,-0.0257008139765781
"1498",2023-12-11,0.0169212335120146
"1499",2023-12-13,0.0219256450761171
"1500",2023-12-14,0.0193420314328605
"1501",2023-12-15,0.0612535249842009
"1502",2023-12-18,-0.00762609638853352
"1503",2023-12-19,0.000167614713391701
"1504",2023-12-20,-0.0159372333225021
"1505",2023-12-21,0.0243933488184023
"1506",2023-12-22,0.00337363049105668
"1507",2023-12-26,0.0128369668652627
"1508",2023-12-27,0.00141625745622234
"1509",2023-12-28,0.0244641621086315
"1510",2023-12-29,0.00503325450525416
"1511",2024-01-02,-0.0144255805536518
"1512",2024-01-03,-0.0362504218123194
"1513",2024-01-04,-0.00938395630004683
"1514",2024-01-05,0.025542252909045
"1515",2024-01-08,0.00414891195079682
"1516",2024-01-09,-0.0505021738938476
"1517",2024-01-10,0.0094668110568448
"1518",2024-01-11,-0.000227028186608011
"1519",2024-01-12,-0.0144677631110354
"1520",2024-01-15,-0.0245486417348277
"1521",2024-01-16,-0.0091324692749353
"1522",2024-01-17,-0.0338686641162738
"1523",2024-01-18,-0.0569302005378803
"1524",2024-01-19,0.0349362720281353
"1525",2024-01-22,-0.0344145078461119
"1526",2024-01-23,0.0356105415657609
"1527",2024-01-24,0.0254704921711335
"1528",2024-01-25,-0.00961478223134033
"1529",2024-01-26,0.0249538831080846
"1530",2024-01-29,0.01510727069767
"1531",2024-01-30,-0.0124530602439288
"1532",2024-01-31,-0.0294058627656919
"1533",2024-02-01,-0.0389674523536842
"1534",2024-02-02,0.00135359497621538
"1535",2024-02-06,0.0383581572211443
"1536",2024-02-07,-0.0501519515268626
"1537",2024-02-08,0.00253898455624566
"1538",2024-02-09,-0.017843517042925
"1539",2024-02-12,0.00600527301678299
"1540",2024-02-13,-0.0163177797094475
"1541",2024-02-14,0.0288710895999778
"1542",2024-02-15,-0.0276678806629314
"1543",2024-02-16,-0.000267277723049586
"1544",2024-02-19,0.0195182336520493
"1545",2024-02-20,0.0111420712053979
"1546",2024-02-21,-0.0439100317741139
"1547",2024-02-22,0.00189393697785919
"1548",2024-02-23,-0.00257115319846861
"1549",2024-02-26,-0.00223829434101987
"1550",2024-02-27,0.0250783242431855
"1551",2024-02-28,-0.0253500308977914
"1552",2024-02-29,0.00271311941068006
"1553",2024-03-01,-0.00359641248063531
"1554",2024-03-04,-0.00730061912979914
"1555",2024-03-05,0.012791970786251
"1556",2024-03-06,0.00054073733237423
"1557",2024-03-07,-0.0309491001239394
"1558",2024-03-08,-0.028202748663689
"1559",2024-03-11,0.0214192406248739
"1560",2024-03-12,0.00580728749497215
"1561",2024-03-13,0.0218741977792555
"1562",2024-03-14,0.0239415144299773
"1563",2024-03-15,-0.048190493223481
"1564",2024-03-19,0.0045350166833426
"1565",2024-03-20,0.0477122931466397
"1566",2024-03-21,-0.0230280177810531
"1567",2024-03-22,-0.0169176888279066
"1568",2024-03-25,-0.00179764074058934
"1569",2024-03-26,0.00207385655146134
"1570",2024-03-27,0.0297311441624108
"1571",2024-04-01,-0.00854959884464898
"1572",2024-04-02,-0.00576337235618199
"1573",2024-04-03,-0.0175611928100832
"1574",2024-04-04,0
"1575",2024-04-05,0.0227835352788257
"1576",2024-04-08,-0.00937895214034049
"1577",2024-04-09,-0.00981227937043322
"1578",2024-04-10,-0.0471574320118266
"1579",2024-04-11,0.0199671480270977
"1580",2024-04-12,0.0176981977166284
"1581",2024-04-15,-0.0412135698579089
"1582",2024-04-16,-0.00611221208949471
"1583",2024-04-17,-0.00182646982352623
"1584",2024-04-18,0.0179717431566008
"1585",2024-04-19,-0.00244501655044653
"1586",2024-04-22,0.0145090971215264
"1587",2024-04-23,0.00177236392752385
"1588",2024-04-24,-0.0489176257255566
"1589",2024-04-25,-0.0208193038147314
"1590",2024-04-26,0.0541032935975476
"1591",2024-04-29,0.00716913470104988
"1592",2024-04-30,-0.0437313553358961
"1593",2024-05-02,0.0510619892369182
"1594",2024-05-03,0.00699570315709216
"1595",2024-05-06,0.0257895081850996
"1596",2024-05-07,0.00301496554907623
"1597",2024-05-08,0.00177725903718572
"1598",2024-05-09,0.021352144419137
"1599",2024-05-10,-0.00153879746058534
"1600",2024-05-13,-0.00840484759483722
"1601",2024-05-14,-0.0307864504641256
"1602",2024-05-15,0.0476588120662509
"1603",2024-05-16,-0.0116193594881423
"1604",2024-05-17,0.00555950498601131
"1605",2024-05-20,-0.0414596705330357
"1606",2024-05-21,-0.0399143711010356
"1607",2024-05-22,0.0256093866467784
"1608",2024-05-23,0.00528291069869771
"1609",2024-05-24,-0.0345219251393906
"1610",2024-05-27,-0.0184217622662032
"1611",2024-05-28,0.0138298135204718
"1612",2024-05-29,-0.0138298135204719
"1613",2024-05-30,0.0260286102905644
"1614",2024-05-31,-0.0570225683996482
"1615",2024-06-03,-0.0365713138291975
"1616",2024-06-04,0.0521131833349276
"1617",2024-06-05,0.0503901498322668
"1618",2024-06-06,0.000429075950583438
"1619",2024-06-07,-0.0464656081365128
"1620",2024-06-10,0.04467650170304
"1621",2024-06-11,0.0410483657685202
"1622",2024-06-12,-0.0279548778149302
"1623",2024-06-13,-0.0414997383451215
"1624",2024-06-14,-0.0162702513115084
"1625",2024-06-17,-0.0313452176156577
"1626",2024-06-18,0.0407385592537508
"1627",2024-06-19,0.00834964539171516
"1628",2024-06-20,0.0152619145467569
"1629",2024-06-21,-0.0342039474384779
"1630",2024-06-24,-0.000374931378040729
"1631",2024-06-25,-0.00330642962318307
"1632",2024-06-26,-0.0144803237388899
"1633",2024-06-27,-0.00379237896235535
"1634",2024-06-28,-0.0247295351192049
"1635",2024-07-01,0.0405772533751246
"1636",2024-07-02,-0.0380369509830425
"1637",2024-07-03,0.0325263784808416
"1638",2024-07-04,0.00657847736109666
"1639",2024-07-05,-0.0254037923075183
"1640",2024-07-08,0.0289048311083429
"1641",2024-07-09,0.00106303937774875
"1642",2024-07-10,0.025699242187029
"1643",2024-07-11,-0.0530116357246277
"1644",2024-07-12,0.0447670235309282
"1645",2024-07-15,-0.0213326910890498
"1646",2024-07-16,0.00380225866848103
"1647",2024-07-17,-0.0367191351168469
"1648",2024-07-18,-0.00734975484504566
"1649",2024-07-19,0.0173780366761011
"1650",2024-07-22,0.013395976518928
"1651",2024-07-23,-0.0269738445967821
"1652",2024-07-24,-0.00197744350088521
"1653",2024-07-25,-0.0345570483513829
"1654",2024-07-26,-0.0121213321641523
"1655",2024-07-29,-0.0193497685189706
"1656",2024-07-30,-0.00126953591871969
"1657",2024-07-31,0.0219457597486095
"1658",2024-08-01,-0.0109964641870135
"1659",2024-08-02,0.00317807836001253
"1660",2024-08-05,-0.0314686146763743
"1661",2024-08-06,0.0193716604872082
"1662",2024-08-07,-0.0223921772323466
"1663",2024-08-08,0.0243342403882923
"1664",2024-08-09,0.00412470586468734
"1665",2024-08-12,-0.00286026459418953
"1666",2024-08-13,0.0178680582826789
"1667",2024-08-14,-0.0280290319239321
"1668",2024-08-15,0.0276151916729318
"1669",2024-08-16,-0.00489652259978382
"1670",2024-08-19,0.00456528892918721
"1671",2024-08-20,0.00206823836380781
"1672",2024-08-21,-0.0154912243575246
"1673",2024-08-22,-0.00336310971627973
"1674",2024-08-23,0.0243762817888684
"1675",2024-08-26,-0.0122386317079093
"1676",2024-08-27,-0.0310109382830425
"1677",2024-08-28,-0.00188978791867195
"1678",2024-08-29,0.00736747261329138
"1679",2024-08-30,0.0294361333202317
"1680",2024-09-02,-0.0224615528426919
"1681",2024-09-03,-0.0169249558521027
"1682",2024-09-04,0.013443713575454
"1683",2024-09-05,-0.00931433122439269
"1684",2024-09-06,-0.0084490789925201
"1685",2024-09-09,-0.00477329813654183
"1686",2024-09-10,0.00866181752813957
"1687",2024-09-11,-0.00579507877738636
"1688",2024-09-12,0.0220486863351941
"1689",2024-09-13,-0.00877834878774009
"1690",2024-09-17,0.0185732865069253
"1691",2024-09-18,-0.00100890524549588
"1692",2024-09-19,0.0237710858059337
"1693",2024-09-20,-0.0271412147753321
"1694",2024-09-23,-0.0153076661119908
"1695",2024-09-24,0.0533137096135856
"1696",2024-09-25,-0.00832187159913301
"1697",2024-09-26,0.027633714242444
"1698",2024-09-27,-0.0286172711046271
"1699",2024-09-30,-0.00328569544940578
"1700",2024-10-02,0.00827570938767814
"1701",2024-10-03,-0.0317513494352396
"1702",2024-10-04,0.0401209041693119
"1703",2024-10-07,-0.00389167608543899
"1704",2024-10-08,-0.0123423640839939
"1705",2024-10-09,0.00467699400757888
"1706",2024-10-10,0.0165614801957123
"1707",2024-10-11,0.0045788723889488
"1708",2024-10-14,-0.00715870060337689
"1709",2024-10-15,-0.00786091384377604
"1710",2024-10-16,-0.00833342986789777
"1711",2024-10-17,-0.00650232957209681
"1712",2024-10-18,0.00559947803002498
"1713",2024-10-21,-0.00576462551860488
"1714",2024-10-22,-0.0190100742813012
"1715",2024-10-23,0.00996698179568179
"1716",2024-10-24,0.00149895706359635
"1717",2024-10-25,-0.00450375693593917
"1718",2024-10-28,0.00192081714612612
"1719",2024-10-29,-0.0167420585499232
"1720",2024-10-30,0.00819566459193827
"1721",2024-10-31,0.0146182718689866
"1722",2024-11-01,0.0188119277315317
"1723",2024-11-04,-0.0334301996005182
"1724",2024-11-05,-0.00202159102517578
"1725",2024-11-06,-0.0137534293645574
"1726",2024-11-07,0.0582785337554538
"1727",2024-11-08,-0.0342074460706149
"1728",2024-11-11,-0.00409758560817108
"1729",2024-11-12,-0.00824569403874957
"1730",2024-11-13,-0.00262255568321488
"1731",2024-11-14,-0.00816543737315887
"1732",2024-11-15,0.00562087280007076
"1733",2024-11-19,-0.00698825206124133
"1734",2024-11-20,-0.013344460390986
"1735",2024-11-21,0.0195681439712479
"1736",2024-11-22,0.0163536698838786
"1737",2024-11-25,-0.0203562615704167
"1738",2024-11-26,-0.00822554073056573
"1739",2024-11-27,0.049023651423661
"1740",2024-11-28,0.000245733708144539
"1741",2024-11-29,-0.00443240912995668
"1742",2024-12-02,0.039834354754838
"1743",2024-12-03,0.00205323376376448
"1744",2024-12-04,-0.0401615770802265
"1745",2024-12-05,0.00548712587006089
"1746",2024-12-06,-0.00228944184319753
"1747",2024-12-09,-0.00871502130248653
"1748",2024-12-10,-0.0293275985048223
"1749",2024-12-11,-0.0113740050386632
"1750",2024-12-13,0.00916060000617916
"1751",2024-12-16,0.00797905458168633
"1752",2024-12-17,0.01168324334327
"1753",2024-12-18,-0.0173639048440693
"1754",2024-12-19,-0.0231378549700727
"1755",2024-12-20,-0.0311088700917981
"1756",2024-12-23,0.00546085249946619
"1757",2024-12-24,0.00276377845569695
"1758",2024-12-26,0.0018678691702827
"1759",2024-12-27,0.00681938350472225
"1760",2024-12-30,-0.0116296505999316
"1761",2024-12-31,0.0312072429290379
"1762",2025-01-02,0.0012974269610663
"1763",2025-01-03,-0.0269836789442134
"1764",2025-01-06,-0.0117911346895549
"1765",2025-01-07,0.0154253649565946
"1766",2025-01-08,0.00731700578369221
"1767",2025-01-09,0.0197423872394762
"1768",2025-01-10,-0.0250264183309992
"1769",2025-01-13,0.0115009351952934
"1770",2025-01-14,0.0333922555778091
"1771",2025-01-15,0.0157470334429371
"1772",2025-01-16,-0.0263561416907794
"1773",2025-01-17,-0.00547567900449381
"1774",2025-01-20,0.00376780121458792
"1775",2025-01-21,-0.00153966669271417
"1776",2025-01-22,0.0152908260685922
"1777",2025-01-23,0.0133982983437974
"1778",2025-01-24,0.0121534645010033
"1779",2025-01-27,-0.0213454464290363
"1780",2025-01-28,0.00727698608175828
"1781",2025-01-29,-0.00166819712428846
"1782",2025-01-30,0.00872713555158712
"1783",2025-01-31,-0.0264982688111934
"1784",2025-02-04,-0.00904830193504076
"1785",2025-02-05,-0.00274767500611452
"1786",2025-02-06,0.00736747261329138
"1787",2025-02-07,-0.00926097075676458
"1788",2025-02-10,0.0269425323807061
"1789",2025-02-11,0.0227988797705101
"1790",2025-02-12,-0.00361304087124673
"1791",2025-02-13,0.00647780331927885
"1792",2025-02-14,0.000816962635433124
"1793",2025-02-17,-0.0233826845708553
"1794",2025-02-18,0.0357195215027017
"1795",2025-02-19,0.00209515446871516
"1796",2025-02-20,-0.00185318648520076
"1797",2025-02-21,-0.0207789376365234
"1798",2025-02-24,0.00337021336942011
"1799",2025-02-25,-0.0262735322697962
"1800",2025-02-26,-0.00422123141550337
"1801",2025-02-27,-0.013628773283186
"1802",2025-02-28,0.0233948490024391
"1803",2025-03-03,-0.01851825195183
"1804",2025-03-04,0.0224482181143647
"1805",2025-03-05,-0.0381031600398605
"1806",2025-03-06,0.0028568119212668
"1807",2025-03-07,0.00972090046627205
"1808",2025-03-10,0.00375975245938469
"1809",2025-03-11,-0.0231224166556801
"1810",2025-03-12,-0.000873176940377857
"1811",2025-03-13,0.0192937065857634
"1812",2025-03-14,0.0228727064223337
"1813",2025-03-18,-0.0444403417441082
"1814",2025-03-19,0.0206246123162429
"1815",2025-03-20,0.00239875282414069
"1816",2025-03-21,0.00358727674280794
"1817",2025-03-24,-0.00813264866064494
"1818",2025-03-25,0.0139982794573364
"1819",2025-03-26,0.00135521801037195
"1820",2025-03-27,0.0133688304103938
"1821",2025-03-28,-0.0030950697381775
"1822",2025-03-31,-0.00100588105496398
"1823",2025-04-01,0.00033542755573008
"1824",2025-04-02,0.0367897159479138
"1825",2025-04-03,0.0481165326023414
"1826",2025-04-04,-0.0690203582096825
"1827",2025-04-07,-0.0424770860722916
"1828",2025-04-08,0.018256780116006
"1829",2025-04-09,0.0900008772523021
"1830",2025-04-10,0.010299919299336
"1831",2025-04-11,-0.0343050580529609
"1832",2025-04-14,0.0277838908353484
"1833",2025-04-15,-0.0155919539861538
"1834",2025-04-16,0.0137429303780047
"1835",2025-04-21,-0.000231427692184378
"1836",2025-04-22,0.0228756401415283
"1837",2025-04-23,0.0492028328560067
"1838",2025-04-24,0.0186284413131488
"1839",2025-04-25,0.0211194600067331
"1840",2025-04-28,0.0237854105651461
"1841",2025-04-29,-0.0905933591830947
"1842",2025-04-30,0.00558828651547562
"1843",2025-05-02,-0.010170350702351
"1844",2025-05-05,-0.0295432358044149
"1845",2025-05-06,0.0406662704166965
"1846",2025-05-07,0.011145607530372
"1847",2025-05-08,-0.0433031701703699
"1848",2025-05-09,-0.010494416207226
"1849",2025-05-12,-0.028457030343198
"1850",2025-05-13,0.0233219652149366
"1851",2025-05-14,-0.0252113967727796
"1852",2025-05-15,0.00149604145978554
"1853",2025-05-16,-0.00631459026257326
"1854",2025-05-19,0.0166474410070562
"1855",2025-05-20,-0.0249963834014918
"1856",2025-05-21,-0.00825822235785354
"1857",2025-05-22,0.00825822235785353
"1858",2025-05-23,0.0321353472118907
"1859",2025-05-26,0.00478246862590578
"1860",2025-05-27,0.0122372533987809
"1861",2025-05-28,-0.0122372533987809
"1862",2025-05-29,0.0148943216833526
"1863",2025-05-30,-0.0671803432294253
"1864",2025-06-02,-0.00495837644857211
"1865",2025-06-03,0.0152835399124388
"1866",2025-06-04,0.0241032603584211
"1867",2025-06-05,-0.0168270171948283
"1868",2025-06-06,0.0180014311086076
"1869",2025-06-09,-0.0063582233296996
"1870",2025-06-10,0.00188815413528874
"1871",2025-06-11,0.00720493664308758
"1872",2025-06-12,-0.0029696399175056
"1873",2025-06-13,-0.00211537606570368
"1874",2025-06-16,0.0194180071824888
"1875",2025-06-17,-0.0280829248618103
"1876",2025-06-18,0.0437292239670728
"1877",2025-06-19,-0.00235040615093147
"1878",2025-06-20,-0.0182310361837228
"1879",2025-06-23,0.00647248236998912
"1880",2025-06-24,-0.013298498615277
"1881",2025-06-25,0.075097043167207
"1882",2025-06-26,0.00381944411639626
"1883",2025-06-27,-0.0342057828928988
"1884",2025-06-30,0.000972284936314082
"1885",2025-07-01,0.0179303780023777
"1886",2025-07-02,0.012188695474852
"1887",2025-07-03,-0.0192630910562399
"1888",2025-07-04,0.00773515242457251
"1889",2025-07-07,-0.0242139710483144
"1890",2025-07-08,0.0273644493390898
"1891",2025-07-09,-0.00550157277458247
"1892",2025-07-10,0.00980827937586834
"1893",2025-07-11,-0.00745718489206134
"1894",2025-07-14,0.00884017779003114
"1895",2025-07-15,-0.0127370891607797
"1896",2025-07-16,0.0027220550843449
"1897",2025-07-17,0.0174069387991587
"1898",2025-07-18,0.0362309706951974
"1899",2025-07-21,-0.022819537561656
"1900",2025-07-22,-0.0614798361745636
"1901",2025-07-23,0.0503041514125319
"1902",2025-07-24,0.00244637011014581
"1903",2025-07-25,0.00608997850025573
"1904",2025-07-28,-0.0161294218047688
"1905",2025-07-29,0.000580564847310462
"1906",2025-07-30,-0.0349927943941649
"1907",2025-07-31,0.00748506454460859
